Name,Surnames,Phone,Birthdate,Status
Houssam,Benali Bendahmane,692529163,01/01/1993,ALTA
Hou,Ben Ben,692529532,01/01/1992,ALTA
Sam,Ali Ane,692529163,01/01/1950,ALTA
Houss,Bena Benda,692529163,01/01/1850,ALTA
Mira,Sols,123463558,01/03/2022,BAJA
Mira,Sols,321463558,01/03/2022,BAJA
Mira,Sols,452463558,01/03/2022,BAJA
Mira,Sols,153463558,01/03/2022,BAJA
Mira,Sols,371463558,01/03/2022,BAJA
Mira,Sols,492463558,01/03/2022,BAJA
Mira,Sols,113463558,01/03/2022,BAJA
Mira,Sols,351463558,01/03/2022,BAJA
Mira,Sols,442463558,01/03/2022,BAJA
Mira,Sols,321463558,01/03/2022,BAJA
Mira,Sols,459463558,01/03/2022,BAJA
Mira,Sols,123463538,01/03/2022,BAJA
Mira,Sols,321462558,01/03/2022,BAJA
Mira,Sols,452863558,01/03/2022,BAJA
